Professore,Settore
Altobelli,3
Antonelli,5
Arrizza,7
Battistella,2
Bertin,1
Bianco,3
Bomba A.M.,2
Bomba Conc,3
Boncristiano,4
Bracone,4
Bucciarelli,2
Camiscia,3
Campanella,3
Capuzzi,7
Cavacini,1
Ciarrocchi,1
Ciccocioppo,4
Cinalli,6
Costantino,4
Costanzo,3
D Ettorre,1
D Ottavio F.,3
D Ottavio S.,3
De Nardis,3
De Titta,1
del Ciotto,3
Di Castelnuovo,1
Di Donato,3
Di Fazio,7
Di Grazia,4
Di Ianni,2
Di Mauro,4
Di Nardo,7
Di Pardo,7
Di Pasquale,7
Di Primio,3
Di Renzo,5
Di Salvatore,2
Egidio,3
Fazia Mercadante,7
Feliciani,1
Ferrara Jessica,1
Ferrara MP,1
Ficca,1
Frattura,6
Fusella,7
Gaeta,1
Gaveglia,3
Gentile,6
Gerra,3
GUALTIERI,4
Guerriero,3
Guerrini,5
Impicciatore,5
Innamorati,3
Intilangelo,3
Labanca,7
Liberatoscioli L.,2
Mambella,3
Mangifesta,3
Mariani,1
Marino,3
Marongiu,3
Marrone,4
Martelli R.,7
Masciarelli,2
Mastrangelo Mariangela,1
Mastrangelo Marina,1
Mililli,3
Napolitano,7
Orecchioni,7
Orlando,5
Orsatti,1
Orsini,3
Pagano,3
Pappalardo,5
Partipilo,1
Pasquarelli,2
Pasquini,3
Pinti,2
Pollastri,3
Primante,7
Primavera Paola,4
Pettine,3
Prontera,4
Ranieri,7
Recchia,3
Rollo,3
Rulli,1
Scaricaciottoli,2
Sireni,1
Smigliani,1
Tano,1
Tiberio,3
Torriero,1
TRIVARELLI,6
Trozzi,1
Ursi,3
VASTANTE,1
Villante,5
Vitelli,4
Zulli,3
